X, Y, Z, disp
-8.819212643483549385e-01,-4.713967368259974755e-01,-5.239368452791246204e-18,0.000000000000000000e+00
-9.238795325112869605e-01,-3.826834323650897818e-01,8.724343106773350875e-18,0.000000000000000000e+00
-9.034470313343798686e-01,-4.183233741859624377e-01,9.332034005582201530e-02,4.294129186125197114e-04
-9.834653562589963371e-01,-1.512560598113736610e-01,9.924745801020055935e-02,3.391746706136903136e-04
-9.807852804032303196e-01,-1.950903220161283591e-01,1.121266850549271794e-18,0.000000000000000000e+00
-9.951847266721968177e-01,-9.801714032956057587e-02,-4.028721920842774011e-18,0.000000000000000000e+00
-9.569403357322087134e-01,-2.902846772544620535e-01,0.000000000000000000e+00,0.000000000000000000e+00
-9.397359943287179052e-01,-3.359686301315262247e-01,6.296569451828479269e-02,4.483459661479629612e-04
-9.955763549136987800e-01,-4.706153132578858728e-02,8.109699780898403654e-02,2.229493505189192109e-04
-9.630789433113233766e-01,-2.570569407314449717e-01,7.968006214147614619e-02,3.241763220880376317e-04
-8.464720582248916880e-01,-5.242292778311760104e-01,9.247041181410278754e-02,6.355434686806690596e-04
-8.314696123025453467e-01,-5.555702330196018446e-01,-3.967606814283154042e-18,0.000000000000000000e+00
-7.730104533627369934e-01,-6.343932841636451547e-01,0.000000000000000000e+00,0.000000000000000000e+00
-8.015332419854509505e-01,-5.944575667737044267e-01,6.390987257033672875e-02,6.243299720288335818e-04
-7.384667094384766983e-01,-6.683802920894188482e-01,8.814351275022550003e-02,9.334438523166942734e-04
-7.071067811865475727e-01,-7.071067811865473507e-01,-4.048001606039235614e-18,0.000000000000000000e+00
-8.689894344135000726e-01,-4.679183547500878615e-01,1.604445194534837305e-01,5.206201441199363213e-04
-6.726367125915246881e-01,-7.370377902340851106e-01,6.495877671355416993e-02,8.830689540981796759e-04
-9.346479441323922721e-01,-3.255544522672672580e-01,1.426111137864448930e-01,3.837082808307956498e-04
-9.999999999999998890e-01,-2.541878499548909488e-18,-2.912741361711486613e-18,0.000000000000000000e+00
-9.845014829544732615e-01,-8.199810278985893153e-02,1.549534369993634253e-01,7.282270945635558983e-05
-9.560075381879428180e-01,-2.368724366150839478e-01,1.729090699625437100e-01,1.257118007241544652e-04
-8.973110768649376068e-01,-3.947246709883333593e-01,1.973421056261990825e-01,2.060288844517618831e-04
-8.235653645331914019e-01,-5.326943156288758141e-01,1.943156182486181771e-01,5.608976223188340314e-04
-6.343932841636460429e-01,-7.730104533627367713e-01,5.104537952129047563e-18,0.000000000000000000e+00
-9.685182356192721942e-01,-1.461228659778120720e-01,2.015883787735048838e-01,-4.301089976230248893e-05
-9.226632240139899244e-01,-3.042846240050840478e-01,2.368736318357521076e-01,-1.197886888918857145e-05
-5.555702330196022887e-01,-8.314696123025453467e-01,3.767869560829133791e-18,0.000000000000000000e+00
-6.019430069357598612e-01,-7.932268661052266356e-01,9.075155610397236949e-02,1.203624772455329228e-03
-4.713967368259978641e-01,-8.819212643483547165e-01,4.280788025966706735e-19,0.000000000000000000e+00
-5.122442195574621326e-01,-8.546278489744132401e-01,8.343871769399398286e-02,1.514794813343585921e-03
-7.685211509747378322e-01,-5.903640077468625957e-01,2.460668585365655969e-01,6.021076134674472518e-04
-8.038946033832022886e-01,-5.168854515252644388e-01,2.942053780350313841e-01,4.434015155866223926e-05
-7.260650084626966150e-01,-6.584543185194859927e-01,1.971174387359995173e-01,1.042885015007818028e-03
-7.043151860316788637e-01,-6.457883397939571113e-01,2.940897936540737279e-01,6.940914402890180053e-04
-6.567288597378763138e-01,-7.126665403283604094e-01,2.454348902957170231e-01,1.169260285319508562e-03
-8.551508105654461733e-01,-4.563246513560057505e-01,2.457984143410961164e-01,1.383737856093618097e-04
-7.879028075162841649e-01,-5.986657406868578502e-01,1.434196726694642043e-01,8.318328194312896553e-04
-6.681865798204453810e-01,-7.291611055404600972e-01,1.465474562694772942e-01,1.272625975357746277e-03
-7.460896509878197636e-01,-5.696091184671311369e-01,3.449308411721008771e-01,-1.183053675403004132e-04
-6.310399205048957683e-01,-6.972460434411791308e-01,3.392095851560343878e-01,8.441953475736622926e-04
-9.954582786694515795e-01,5.146724101055345085e-02,7.982800437516805736e-02,2.590640642143173336e-04
-9.398684340454657171e-01,-2.133232735533248658e-01,2.671585683318352666e-01,-4.367888585101270494e-04
-4.144137568102571612e-01,-9.054519324013607928e-01,8.965609586482622961e-02,2.093761230707247116e-03
-6.022947772657635257e-01,-7.750622485383114046e-01,1.895198568808047768e-01,1.580933722273449677e-03
-9.486029067029584372e-01,-1.201311113568453853e-01,2.935893619006125776e-01,-8.078025788764248106e-04
-8.824149650706503145e-01,-3.703979109899118716e-01,2.904894050644127312e-01,-4.045606590687159327e-04
-3.826834323650903369e-01,-9.238795325112866275e-01,3.148132573246111138e-18,0.000000000000000000e+00
-9.951847266721969287e-01,9.801714032956083955e-02,5.179557681705190641e-18,0.000000000000000000e+00
-6.751675188074921508e-01,-6.258198331973754414e-01,3.903801969116124648e-01,1.301844153678771232e-04
-9.717848978970053953e-01,-5.351198509377965568e-02,2.300526370522810449e-01,-3.341578856506549925e-04
-9.875420809129026312e-01,2.782143207815229377e-03,1.572702933373206213e-01,6.024440213050162845e-05
-9.026989740324457001e-01,-2.782720834730252335e-01,3.289829779230596385e-01,-8.074001596446944923e-04
-8.343305194515313605e-01,-4.310077864084763677e-01,3.442738283657815201e-01,-5.808369228329066016e-04
-9.157645700039008796e-01,-1.865309892090085964e-01,3.569283082142477581e-01,-1.145449731324995994e-03
-3.362479975947702537e-01,-9.400643943503592670e-01,5.533836836360649797e-02,1.373346371529919575e-03
-7.125910694331005768e-01,-5.481912555737815662e-01,4.385358663270270130e-01,-6.999209357981792156e-04
-5.813122263029034675e-01,-7.619371869377284945e-01,2.840339881924215382e-01,1.496778472367768205e-03
-4.719169387823236583e-01,-8.651844964458312859e-01,1.672419758350068841e-01,2.316834021909003078e-03
-9.831099076433431616e-01,1.574445453813261842e-01,9.300940335827155570e-02,2.972128228143661069e-04
-8.741224127709595892e-01,-2.519460310453426333e-01,4.168700486012805739e-01,-1.619275053566336360e-03
-2.902846772544623311e-01,-9.569403357322087134e-01,0.000000000000000000e+00,0.000000000000000000e+00
-5.995681456003677523e-01,-6.748279386031723615e-01,4.298972906271700811e-01,3.645971364673570875e-04
-6.406152850935009635e-01,-6.003611914003524896e-01,4.791870978878585152e-01,-4.611884522802004501e-04
-5.276691155782200493e-01,-8.178195643689492034e-01,2.276142705604272676e-01,2.029942517718906665e-03
-5.495251627523516369e-01,-8.218605762355833955e-01,1.485051222994556719e-01,1.719006027907187114e-03
-7.779255203310546651e-01,-4.906378173486508620e-01,3.933426206936944114e-01,-7.787188827788856568e-04
-9.841821545462393628e-01,8.621475929070024358e-02,1.546725192104690116e-01,9.343942762790710850e-05
-9.190781738205524576e-01,-9.168083505984427062e-02,3.847388909459352746e-01,-1.476663627083023549e-03
-8.572622188990943748e-01,-3.428024319727136504e-01,3.854273214466496511e-01,-1.255510036970339813e-03
-5.528965838091741691e-01,-7.434745354367982006e-01,3.751629370510129458e-01,1.069680845391707963e-03
-3.868580238853206454e-01,-9.010271342507227832e-01,1.935114217554738947e-01,2.679741907610027740e-03
-9.807852804032303196e-01,1.950903220161285812e-01,0.000000000000000000e+00,0.000000000000000000e+00
-8.816213343770522570e-01,-1.585774493445233635e-01,4.463950013940067296e-01,-1.876143154437184216e-03
-5.633924582025008343e-01,-6.464288902035099094e-01,5.144744831358334380e-01,3.365863725994278121e-05
-5.009745991883932659e-01,-8.041050869972024007e-01,3.182289325934417046e-01,1.832717769812553530e-03
-2.500274575639002128e-01,-9.650472752703936896e-01,7.614680428628825548e-02,2.402714854959254673e-03
-5.187740126598560098e-01,-7.175505008497954362e-01,4.639584665197228341e-01,7.939433922638913701e-04
-3.236232331566518128e-01,-9.366396718852327830e-01,1.314532484048819005e-01,2.614376366943995007e-03
-4.456453544525935673e-01,-8.566518664375671888e-01,2.574524992127257272e-01,2.447092521956216633e-03
-9.569403357322087134e-01,2.902846772544632747e-01,4.468210140407734324e-18,0.000000000000000000e+00
-9.669116880138811654e-01,2.464838272705724698e-01,6.548832288391152889e-02,2.954933340407075006e-04
-9.238795325112862944e-01,3.826834323650906144e-01,0.000000000000000000e+00,0.000000000000000000e+00
-9.419499526644982135e-01,3.259621229532440601e-01,8.013922061732928204e-02,3.528974760841102512e-04
-8.808225515855004906e-01,-6.358861068205824696e-02,4.714574600542493221e-01,-2.300640632497975499e-03
-8.720484052026412636e-01,3.145232862076184632e-02,4.907612574041452791e-01,-2.353302915418727624e-03
-8.359235381945560039e-01,-3.470485369872554349e-02,5.505428399973142373e-01,-2.795259973409050872e-03
-8.391121465836949289e-01,-1.299490388738521185e-01,5.307441855802010888e-01,-2.535843397435076033e-03
-8.357580296841209400e-01,-2.242415340426511527e-01,5.034187441976718524e-01,-2.195989098988855494e-03
-9.138940060990814462e-01,-1.371856568442194864e-03,4.076758176438110559e-01,-1.725249685436143704e-03
-9.473839964987074147e-01,-3.008799081952532109e-02,3.197441912187409807e-01,-1.062098865592218814e-03
-8.241324016241313721e-01,-3.164608621176954184e-01,4.714989088189826538e-01,-1.756099037964086850e-03
-8.051301760430452648e-01,-4.058364300834820249e-01,4.339031359114806086e-01,-1.396267015748751559e-03
-6.747779786584988670e-01,-5.198626248358102497e-01,5.249458087445959542e-01,-1.097041621515185226e-03
-4.689886805669867265e-01,-7.817981762572345783e-01,4.092170904893338568e-01,1.685853161473597258e-03
-4.323528552316876494e-01,-7.523405855147747845e-01,4.956226334468395445e-01,1.423291956732145470e-03
-3.807215634750220623e-01,-8.132811164370092882e-01,4.377732268330246646e-01,2.255086747030016301e-03
-7.431292369636253170e-01,-4.654069222492017710e-01,4.819729119404942419e-01,-1.186749605943197058e-03
-1.950903220161286644e-01,-9.807852804032302085e-01,7.961547154286183076e-19,0.000000000000000000e+00
-9.013653833290879991e-01,4.221510964117966003e-01,9.607455289952759880e-02,5.116652391076574082e-04
-8.217723104430174619e-01,5.969593203415675398e-02,5.694898485260782017e-01,-2.809457575660840624e-03
-7.908972334508871382e-01,-9.965103229678555496e-02,6.067742942851455101e-01,-2.993508004298786780e-03
-7.894837890407714331e-01,-1.939971362797758558e-01,5.849044351877477066e-01,-2.598280354164818687e-03
-6.006618036641568903e-01,-5.695644404625037627e-01,5.617301289538009224e-01,-6.581676337253179656e-04
-4.153305417114135367e-01,-8.390537286594433874e-01,3.491240612283934008e-01,2.286498579346031741e-03
-3.419591668872965506e-01,-7.801897041852307035e-01,5.215086812853662046e-01,2.292763601060024848e-03
-9.666641329209447742e-01,5.627992868541476651e-02,2.503006387224598894e-01,-5.146828495114053699e-04
-9.679221826565616027e-01,1.616181772569282860e-01,1.924442035175258081e-01,-7.421339041242862528e-05
-4.797425306182986349e-01,-6.844499236503855943e-01,5.482214928401097920e-01,7.551973125156365109e-04
-2.557080516360313860e-01,-9.542839678367913692e-01,1.514531485311514658e-01,3.322498966039246111e-03
-8.819212643483546055e-01,4.713967368259986412e-01,-1.319390386978058751e-18,0.000000000000000000e+00
-3.912215872830958618e-01,-7.158695476262586510e-01,5.765225526558483971e-01,1.816846334978163046e-03
-7.018700643675678252e-01,-4.348104463053223401e-01,5.657414359592896069e-01,-1.544406076613738044e-03
-7.662605907626391932e-01,-3.782132259352762316e-01,5.213381789709463643e-01,-1.915939582100810229e-03
-6.308280441977344166e-01,-4.869263340034064580e-01,6.051810795516439079e-01,-1.062942174802595022e-03
-5.560876347307269763e-01,-5.387986659355552543e-01,6.332402558007417248e-01,-4.191593717026555828e-04
-5.227048255266317778e-01,-6.137540054083769903e-01,5.916159663678295377e-01,6.442558068489926109e-05
-7.845406746624121741e-01,-5.410464671775013466e-03,6.229771139174231642e-01,-2.923360866703958883e-03
-7.351371554813957987e-01,-6.655374405209614486e-02,6.772577036135886130e-01,-2.614122317975582470e-03
-9.504129778694256903e-01,1.527312735761094664e-01,2.714743960406344470e-01,-5.715913870286135675e-04
-9.392435460076998810e-01,2.325914777871406769e-01,2.528020407111732926e-01,-3.683548772979923806e-04
-9.181785765029072399e-01,1.962488768778044290e-01,3.451993763971676343e-01,-1.056266666207689425e-03
-9.367410439292979119e-01,4.104910124837633789e-02,3.488752878968084392e-01,-1.267480296131377965e-03
-7.201540785307068981e-01,-3.475972255979059566e-01,6.026944499295199265e-01,-2.232734303763552614e-03
-6.516937998426782785e-01,-4.046912610935891608e-01,6.431409216465575618e-01,-1.642539387419463632e-03
-4.370719784445662448e-01,-6.476897342337447627e-01,6.228115517598818984e-01,1.260634631062343067e-03
-4.761422550147549337e-01,-5.788289224385605447e-01,6.611625760591279821e-01,8.386562192410748542e-04
-2.888297666408391473e-01,-8.367228460763659337e-01,4.619332112206087082e-01,3.332567400669534698e-03
-2.888650777710360384e-01,-9.307959248859710710e-01,2.205251817064932396e-01,3.474624230929033216e-03
-1.463503914257884286e-01,-9.866141983108027702e-01,6.963294682246751188e-02,2.297482211778770732e-03
-1.936766616279478603e-01,-9.717221807749774065e-01,1.316652057293134226e-01,3.410158903084754053e-03
-9.067450546737462203e-01,1.005231946279014910e-01,4.113280309883991515e-01,-1.805756665614982126e-03
-8.552216669263490445e-01,1.274380900293471675e-01,5.048563373506728125e-01,-2.506425805554005504e-03
-7.817619603441926524e-01,-2.874514083400568354e-01,5.560199303858439634e-01,-2.648513341086899953e-03
-9.534463489998181718e-01,2.588388844424686641e-01,1.545648410892533631e-01,1.687734859097838095e-04
-3.579164861018377386e-01,-8.878769442775145126e-01,2.860322740362141736e-01,3.053043468733769757e-03
-8.528043097676548667e-01,5.154542491814735339e-01,8.329595927357773266e-02,5.594295960555588192e-04
-5.788350220241208488e-01,-4.577454624072044287e-01,6.756342083385457054e-01,-7.867374801674021766e-04
-7.292877415794322138e-01,2.886066533339522178e-02,6.863938707578050025e-01,-2.795705182088008625e-03
-9.027322974707623349e-01,2.942436010255420342e-01,3.146417641584409175e-01,-8.024703173396747265e-04
-9.394552165964398238e-01,1.093512123691017662e-01,3.258439881855078601e-01,-1.088374895846880427e-03
-6.669179995692949836e-01,-3.139935014431308735e-01,6.774513566453100877e-01,-1.708459603859341066e-03
-3.921606689694988601e-01,-5.986125300478654099e-01,6.958500532197162691e-01,2.629043520542786137e-03
-3.251183685502176401e-01,-8.663845816563381375e-01,3.760728968583050835e-01,2.973014740034976393e-03
-2.491682399073708587e-01,-8.014866879223233598e-01,5.398245979521091309e-01,3.806046240036107739e-03
-9.239496312547470502e-01,3.500188228612095553e-01,1.539549058482959920e-01,3.302280663809832942e-04
-2.669091366086296380e-01,-9.106296370179521871e-01,3.117649034724680468e-01,3.692188664304500191e-03
-2.317448402049057665e-01,-8.857159511563496013e-01,3.979835963977149116e-01,4.262078415085765112e-03
-9.801714032956043710e-02,-9.951847266721967067e-01,3.356069742886164768e-19,0.000000000000000000e+00
-4.545277120196184600e-02,-9.945876837782589019e-01,8.999140953806675225e-02,3.439767628121945340e-03
-1.185175430179664322e-18,-9.999999999999998890e-01,7.256910285385871495e-19,0.000000000000000000e+00
4.784639226763706676e-02,-9.967005844913477963e-01,6.286066579531131293e-02,2.703559370373963613e-03
-8.314696123025444585e-01,5.555702330196037320e-01,4.711259578222395275e-18,0.000000000000000000e+00
-8.783782561792613519e-01,2.000212458690462380e-01,4.360070320860714443e-01,-1.906651675648049970e-03
-8.844949948660939532e-01,2.634430721277642440e-01,3.864588511655705494e-01,-1.405151268121778568e-03
-9.189444625293944346e-01,3.219627421159313441e-01,2.277614479624211208e-01,1.271096644533085962e-05
-6.761979616904286727e-01,-2.204603131910015668e-01,7.046551318325724456e-01,-1.694559031056956698e-03
-6.786204488584655081e-01,-1.246084249375389863e-01,7.254548069544815014e-01,-1.612954872329424834e-03
-6.135262729497076295e-01,-1.830052339096165659e-01,7.686362208119685846e-01,-4.600712459154688086e-04
-7.325397304407973431e-01,-2.554184002194466174e-01,6.333183275540950063e-01,-2.329433709628880942e-03
-7.371341341961145099e-01,-1.604864082640691803e-01,6.589492202516593622e-01,-2.536712018122745920e-03
-5.200334983759233864e-01,-4.231495481470175513e-01,7.408460410105625060e-01,1.117314196332824458e-03
-5.969488002458772646e-01,-3.709136680009537668e-01,7.120241495207237925e-01,-6.345370191877002701e-04
-5.329991538197250689e-01,-3.327684280504763503e-01,7.763790290475992562e-01,1.552250256859445416e-03
-4.373565732929149408e-01,-5.430869148389358969e-01,7.146174278139842961e-01,2.164150303230647290e-03
-5.033061464456943801e-01,-5.056089859648255080e-01,7.000434018419593452e-01,7.008284315450891795e-04
-2.118283864641607728e-01,-9.386048238671688138e-01,2.680220797363889740e-01,4.282380934513028287e-03
-2.007409513346803398e-01,-9.586594365093101811e-01,1.976157351465025747e-01,4.065090042457242085e-03
-7.700610098870623865e-01,9.042021361218094411e-02,6.343369068608015748e-01,-2.806839467296735370e-03
-3.536849278083319392e-01,-6.673110893486020601e-01,6.528517376283710094e-01,2.589245125680444785e-03
-8.922205306013613058e-01,4.091808173223223655e-01,1.907967540753982283e-01,2.885240306381502921e-04
9.801714032956010403e-02,-9.951847266721970398e-01,4.861149767219735262e-18,0.000000000000000000e+00
-8.287335018083040739e-01,2.203975192082693324e-01,5.167325307039309923e-01,-2.314688373995983130e-03
-8.777635409974042791e-01,3.848054411908203298e-01,2.856974939608656894e-01,-2.926262279612027980e-04
-6.078463102496761694e-01,-2.780281771739514518e-01,7.443061578422764946e-01,-5.164054167781966442e-04
-6.123012724075559410e-01,-8.617980601970648413e-02,7.861144082582695036e-01,-2.008043281088960205e-04
-4.539324193466131585e-01,-3.849205170619978689e-01,8.001150817631214052e-01,3.490265537936908767e-03
-3.606677764515364704e-01,-5.344717171629108643e-01,7.596622560926588053e-01,4.705939597372624586e-03
-1.941998588806435611e-01,-8.518972001941889083e-01,4.819024680213159217e-01,4.469380580183578491e-03
-1.727441760204663779e-01,-9.262136593057346268e-01,3.303820568764446186e-01,4.711522540544913623e-03
-8.033885603408617015e-01,1.547774524979516342e-01,5.776307733322145754e-01,-2.643154933624989374e-03
-6.750815915086555430e-01,-2.860351610682279611e-02,7.390910239378729596e-01,-1.902660171550497360e-03
-2.944992324796943395e-01,-7.349209567002318311e-01,6.073977160713628365e-01,3.471655784590216287e-03
-8.003124234835002904e-01,5.935461412313567386e-01,8.410237851110961838e-02,7.681290126025867165e-04
-4.684126010363034442e-01,-2.937891243410474251e-01,8.283088593608014527e-01,4.924352656893536857e-03
-4.404412588267686557e-01,-4.746826923493472350e-01,7.593083822482737943e-01,2.720383027070702713e-03
-7.730104533627354391e-01,6.343932841636470421e-01,-3.197319573662942743e-18,0.000000000000000000e+00
-7.177413042395933696e-01,1.330423753822579380e-01,6.857934761007465907e-01,-2.311840253012827605e-03
-8.573308887935509048e-01,4.854783040255619686e-01,1.706091368300952649e-01,5.474097608080124048e-04
-8.165670095705974685e-01,5.283699356273274805e-01,2.320554150904839408e-01,4.172284745281174402e-04
-8.485195689567042177e-01,4.644484050678030496e-01,2.535406652776335812e-01,3.815901079686336104e-05
-3.850524493366295209e-01,-3.369241980088517607e-01,8.501145535384471152e-01,9.080823576650062789e-03
-3.724531434134452645e-01,-4.366542745471807541e-01,8.121537781708980663e-01,6.755069309160977899e-03
-1.550214820561994777e-01,-8.115501977858606830e-01,5.576896865899380051e-01,5.652675189140018985e-03
-1.229899814632126887e-01,-9.581271991204693972e-01,2.535962345513469995e-01,4.987861566806865016e-03
-1.254244929780878592e-01,-9.789088493790611967e-01,1.571393911150087419e-01,4.124867691931751422e-03
-8.469027378808204887e-01,2.851927386421168609e-01,4.506760145132928108e-01,-1.876666924886355361e-03
-8.538785286504064764e-01,3.525095788544411746e-01,3.841304972933965445e-01,-1.209545756814310678e-03
-5.437962630870907255e-01,-1.432564704250369747e-01,8.244652258731626215e-01,2.434531010267441172e-03
-3.156869719408943453e-01,-6.097306419886128204e-01,7.222491853395339723e-01,4.779204729892853193e-03
-1.360869373316786757e-01,-8.966966673869680715e-01,4.158260271749648074e-01,5.381085994778227535e-03
-1.959901310148344789e-01,-7.668037575684785168e-01,6.059587428985325763e-01,5.269419021097610650e-03
-7.537045459471504172e-01,1.784860280099329344e-01,6.351118710029673986e-01,-2.599266208535287379e-03
-6.662472371279708483e-01,6.693768427542101662e-02,7.446729511022711634e-01,-1.952300087914995942e-03
-7.956732886779754876e-01,5.232729176341640587e-01,3.052382499132149651e-01,-1.325774733142469418e-04
-8.140551145944695532e-01,5.574332885538899607e-01,1.622679264612930383e-01,7.731702431294688134e-04
-3.034408344219413634e-01,-3.995503387634455339e-01,8.529032421294722166e-01,1.213039120470710622e-02
-9.774482620832050661e-02,-8.586577771569190443e-01,4.968549739451311731e-01,6.287918956521215512e-03
-3.518323631803234319e-02,-9.778945541626032911e-01,2.008626333880010884e-01,5.254762339077347424e-03
1.389856320500411080e-01,-9.864149068675559517e-01,8.369169259491600343e-02,3.878996526055907609e-03
-5.427691138395034365e-01,-2.395651809765967366e-01,8.029336822993334843e-01,2.057133254192468775e-03
4.678397849963757821e-02,-9.881080820953449528e-01,1.416025798850819029e-01,4.868159355232886017e-03
1.950903220161283314e-01,-9.807852804032305416e-01,2.835290207891704574e-18,0.000000000000000000e+00
-8.262796557712591694e-01,4.471268597586550708e-01,3.430634005534062836e-01,-5.148613054723462324e-04
-4.763551665467443685e-01,-1.969433488662822307e-01,8.511772281641305504e-01,5.735295166902082062e-03
-1.730570276530353779e-01,-5.966756191975208790e-01,7.724096872393546587e-01,1.119063858698849528e-02
-2.373384815608188814e-01,-6.406133973528974623e-01,7.231565130291394139e-01,7.107083422431837924e-03
-2.642869520895313462e-01,-5.605350102978772231e-01,7.764029218025336743e-01,8.423752811411888697e-03
-2.839423150835706511e-01,-6.760105142066563655e-01,6.754668476690611767e-01,4.523259896507836678e-03
-2.196991756110053262e-01,-7.102007577899351887e-01,6.632469150199444829e-01,5.593242170431431126e-03
-1.123991394282836814e-01,-7.809347255419454292e-01,6.072707267030230671e-01,7.145571826326842756e-03
-8.423746788996151758e-02,-9.309674832399646993e-01,3.497812393515891682e-01,5.470212655765485654e-03
-7.380581274662312286e-01,6.693947471632825108e-01,8.383816808160581002e-02,9.018634928855519609e-04
-6.564913103342401302e-01,1.686754988021494372e-01,7.364563471895860802e-01,-1.223230715988402745e-03
-7.715764349068834349e-01,5.871773279684143754e-01,2.441829104026823072e-01,5.467171789761140436e-04
-5.942514701958522688e-02,-8.135017593884448228e-01,5.710587345323850927e-01,7.459665670759502501e-03
-7.621041300809708874e-01,2.493865841907337566e-01,6.002007558511247565e-01,-2.702951219840508089e-03
-4.128626184946575517e-01,-2.490446693760186847e-01,8.668823151451333642e-01,9.200563870958366336e-03
-2.846206400975018203e-01,-4.803665699456624583e-01,8.193185605832052909e-01,1.028318104293603208e-02
-1.937001627537834614e-01,-5.175104472803920830e-01,8.197246610642330289e-01,1.373990561200314625e-02
-1.537885675013924702e-01,-6.714702784554239523e-01,7.153652227431255284e-01,9.532522912677129923e-03
-1.721975807196253830e-02,-9.545822294630176286e-01,2.914405419550488707e-01,6.009028771415085915e-03
-6.065582766525763336e-01,1.136899366121208246e-02,7.947515612637452431e-01,2.061753533579954896e-04
-7.053870572346127021e-01,2.232163491033892222e-01,6.747885865724212451e-01,-2.030412353150011506e-03
-3.906756400502019166e-02,-8.992207887851355608e-01,4.290566060238342749e-01,6.690681356537885559e-03
-7.605053715947310833e-01,6.273493065386439582e-01,1.666994372921890566e-01,8.249709623760809098e-04
-1.318519084648684669e-01,-7.360063584023160965e-01,6.558384826743112184e-01,8.171844523642023128e-03
-7.949280413565211756e-01,3.043301298271351429e-01,5.271612642922466341e-01,-2.306445180823720430e-03
-3.591957850217795956e-02,-7.584649507971100713e-01,6.412146360611798990e-01,9.508578748745007136e-03
-8.121879316867075538e-01,3.513671613716889408e-01,4.674611564443032496e-01,-1.744631579585422584e-03
-5.968532708150338095e-01,1.089862155896672152e-01,7.946104438591429231e-01,3.034998661126781482e-04
-5.958712037925024962e-02,-7.009883381451024187e-01,6.988847873932492183e-01,1.179427158448368568e-02
-7.071067811865457964e-01,7.071067811865490160e-01,3.935518312383594184e-19,0.000000000000000000e+00
-6.782097219630717211e-01,3.169845144137934390e-01,6.649075398881475474e-01,-1.920065906455988708e-03
-5.323241319963660789e-01,5.160570004310653658e-02,8.414215315069454304e-01,3.544663211740596391e-03
-4.704969147968066090e-01,-1.013441495802570869e-01,8.693158432205415620e-01,7.246770922076678501e-03
-5.408363041819673755e-01,-4.602674429508783055e-02,8.367278036821357290e-01,3.139823321301444137e-03
-2.924385519781845244e-01,-3.189148839873070518e-01,8.852694482428830058e-01,1.626978556131738335e-02
-5.055792446906176053e-03,-8.569304728150269890e-01,5.076303313650054605e-01,7.776889891883630689e-03
-3.396017159270199315e-01,-2.333942484618128643e-01,8.959578677218107412e-01,1.519404020812880653e-02
5.776613923243393428e-02,-9.688169663596745140e-01,2.345435847470861701e-01,6.406117165608351920e-03
2.414705399344989345e-01,-9.671557576447565863e-01,7.523166324371982627e-02,4.151702761626484273e-03
-7.974004835714306738e-01,4.221163947854978393e-01,4.326272258417646621e-01,-1.384581784684117776e-03
-1.012655455150110739e-01,-5.513365369277132277e-01,8.096661828814096795e-01,1.844812827382157766e-02
7.790590283195461020e-03,-9.256292683714432146e-01,3.714560864908473814e-01,6.895290191181322609e-03
-2.147645278778593236e-01,-4.406577482270536694e-01,8.549151601539555223e-01,1.669079811667440599e-02
-7.664057388595372222e-01,3.885969142545964705e-01,5.134178401841185124e-01,-1.935013810668947953e-03
-8.200133908269764682e-02,-6.318505871505653015e-01,7.558367349056406281e-01,1.490356889722267708e-02
-6.689171428264463204e-01,7.385357011657356363e-01,8.330263527159850745e-02,1.047078044680027371e-03
-7.309166074711460626e-01,3.520762744280531709e-01,5.867398602987912160e-01,-2.100475799480884791e-03
-3.838289062782442307e-01,-1.457925769238239688e-01,8.988862867904253706e-01,1.293600687164422718e-02
-7.676763422934995695e-01,5.043822040125781614e-01,3.959956047333424989e-01,-6.835434978075926715e-04
1.931971102558300846e-01,-9.710265426396966770e-01,1.348206383303734157e-01,5.829033116074659390e-03
-6.505468712441102586e-01,4.033287979809698220e-01,6.451147262354993694e-01,-1.597322404239529632e-03
-5.183418716683182437e-01,1.486989082090593717e-01,8.388811669294927720e-01,3.265102297426211893e-03
-6.335721996601985095e-01,2.596388659710631708e-01,7.297813106293723484e-01,-9.645112243383508832e-04
2.902846772544620535e-01,-9.569403357322087134e-01,-4.992514411656574308e-18,0.000000000000000000e+00
-4.754016015259507344e-01,-2.643358286207566493e-03,8.731659458165644816e-01,6.598982970399417704e-03
-2.350242605445451438e-01,-3.755760380820671318e-01,8.776128149079722718e-01,1.888383125087816916e-02
2.944823509307376366e-02,-8.890886858840565399e-01,4.488219050562385348e-01,7.964817696146597736e-03
7.638761409533859070e-02,-9.407617905155211124e-01,3.225687045149926435e-01,7.782905014690307682e-03
-6.957555757890911963e-01,6.982452776472807265e-01,1.673141734722833340e-01,1.142678574944850896e-03
-7.314438791485683433e-01,5.913321974220819843e-01,3.395387995921385071e-01,4.342012506922490224e-05
-4.079978922788666806e-01,-5.630594581917794383e-02,8.987551449475946752e-01,1.248980585400528975e-02
-5.801722686231935988e-01,2.056238549057321230e-01,7.874559053445148171e-01,6.551077839172837758e-04
1.324246710378213787e-01,-9.744822802321940758e-01,1.752047802538417298e-01,6.035369861931855380e-03
2.799896213931800659e-01,-9.479852821871017632e-01,1.447487863308254130e-01,6.676827977800815772e-03
-6.032542265767308898e-01,3.517153106294589326e-01,7.165411515424692235e-01,-7.334410600149133272e-04
-7.012367386678910464e-01,4.385678662687905183e-01,5.637200396507264788e-01,-1.647746241008724542e-03
3.360892423399586271e-01,-9.383228834649616212e-01,7.677212887385848061e-02,4.432474132081170269e-03
-1.918207804619751211e-01,-3.218098742434197801e-01,9.003469618587742751e-01,2.682249030323111821e-02
-1.088131914683425176e-02,-5.859979877052873265e-01,7.890992347036829280e-01,2.114020848516789952e-02
9.468534230439058785e-02,-8.567340447696905059e-01,4.973780679217433276e-01,9.614498577279716185e-03
9.326636385541206553e-02,-9.038904100150001453e-01,4.089059606781709211e-01,8.566807363176099505e-03
1.495915135937204432e-01,-9.507231887164925288e-01,2.636465678204168994e-01,7.918889293487309244e-03
-1.195862283347187832e-01,-4.751634482480887600e-01,8.498333479614864627e-01,2.189988614265265740e-02
1.308219119753824267e-02,-6.534045196658290200e-01,7.392572535913018994e-01,1.763863750187748963e-02
3.549463974570623431e-02,-7.178327956071638427e-01,6.811844147392378535e-01,1.412573771082280619e-02
-6.343932841636440445e-01,7.730104533627383256e-01,4.693964208118916119e-18,0.000000000000000000e+00
-5.567091971337615464e-01,2.998531250500027223e-01,7.740098701610568233e-01,6.919907018365679952e-04
3.826834323650900593e-01,-9.238795325112867385e-01,4.663925002801016669e-18,0.000000000000000000e+00
-4.990244235534502804e-01,2.443161283536445239e-01,8.277565465476380835e-01,3.678510521422711718e-03
-4.663013156170805473e-01,9.301632537055420924e-02,8.724851211058706202e-01,7.237020407197548508e-03
-4.457549386553588677e-01,1.894944476804828748e-01,8.679999547834001961e-01,6.868257556393174597e-03
-3.767038346028043772e-01,4.365010580734148687e-02,9.102017180478646496e-01,1.510303675379057881e-02
-3.994869169468990289e-01,1.359322128076843605e-01,8.948029860644772793e-01,1.180201982809305460e-02
-2.457760263441861326e-01,-2.410720419464189301e-01,9.126712670435719321e-01,2.619955232736058057e-02
-1.517840221001635903e-01,-3.988431881535991486e-01,8.782694571449990439e-01,2.610088839855646478e-02
6.142250346815154860e-02,-7.634362197024580077e-01,6.305342495112696843e-01,1.242174782768110108e-02
1.262804876389568842e-01,-7.377859058048981122e-01,6.469013602152821063e-01,1.621642392062314780e-02
-7.158106223614519870e-01,6.511637278175285148e-01,2.514557758116233166e-01,7.365168725309041839e-04
3.191490602324214415e-02,-8.112073474376080284e-01,5.740877087580615878e-01,9.799333602674141844e-03
-7.358997796186337315e-01,4.735098869979996183e-01,4.853473802554223449e-01,-1.364011458117884382e-03
2.203789547869461629e-01,-9.523613935382178042e-01,2.032871336097071824e-01,7.522952451080781519e-03
-6.252840160362653776e-01,4.878281352748101707e-01,6.102876440426794336e-01,-1.154153152660584037e-03
-1.819721296183706913e-02,-5.071380802804880128e-01,8.330272870551819198e-01,2.864540542720322297e-02
1.665560914658899827e-01,-9.171035035132402147e-01,3.530846322834093609e-01,9.103484914471656614e-03
-5.934698866641934245e-01,8.004019483850931538e-01,8.336332308551810955e-02,1.195618748781090588e-03
-7.010529963805388620e-01,5.568767955069993114e-01,4.463589789815603504e-01,-9.233148372034573337e-04
1.815183431097065203e-01,-8.746893375049181740e-01,4.386507014723860509e-01,1.075963882911888311e-02
4.252894520402953349e-01,-9.011492055471939100e-01,7.894213712680291095e-02,5.075666491991464441e-03
-3.297050896646037677e-01,1.259590708731608277e-01,9.163299567929732437e-01,1.931360050543827478e-02
-2.915264109627721534e-01,-1.544063079313635622e-01,9.199918065130394673e-01,2.402675462978554055e-02
-1.016813697885403794e-01,-3.303230003223138200e-01,8.980294606780417910e-01,4.034552539948065009e-02
1.063127712580052703e-01,-6.712757600647903944e-01,7.138621528098123559e-01,1.968160772317776447e-02
-5.297540257920972939e-01,3.915335432756737455e-01,7.514524019037875924e-01,9.186213600421923482e-04
-4.745581617079189241e-01,3.375348489078428549e-01,8.097650182093638627e-01,3.170881434119702386e-03
-2.911853831254185287e-01,3.719931212905977502e-02,9.301286195087450359e-01,2.581451887932238037e-02
1.219108963985007926e-01,-7.975283972427503754e-01,5.786720287778611693e-01,1.216313345499335508e-02
1.936169086998874855e-01,-8.240579289602668611e-01,5.196863186957826342e-01,1.270547536495902040e-02
-6.249563513578199059e-01,7.625643723694106590e-01,1.656585580249999023e-01,1.449601232315416918e-03
-3.258371218915061540e-01,-4.717391685106699095e-02,9.230240922548277327e-01,2.122417571625421703e-02
-5.761106691538526725e-01,4.424800381988448494e-01,6.874480082072113030e-01,-2.013911310345421410e-04
-6.595770388161873443e-01,6.329978660952987335e-01,4.054765848933167272e-01,-1.719693443838534721e-04
-4.147086693627056730e-01,2.813223105656998402e-01,8.578005569667227492e-01,7.574781908490586628e-03
-2.027938483614149801e-01,-1.648254796089604624e-01,9.285540776101839366e-01,3.669574307793375956e-02
-1.495864123394102796e-01,-2.468246611346480712e-01,9.170196696834493899e-01,4.042562478469398368e-02
-5.949559594237286558e-02,-4.101034072993629542e-01,8.743397207876031363e-01,3.575668585562423452e-02
1.985260072451845437e-01,-6.862251834580038734e-01,6.777352661754848517e-01,2.203785565423618115e-02
-6.667880095101602622e-01,5.245804644782121606e-01,5.307304347315257020e-01,-1.382641063410572791e-03
2.402795505872046822e-01,-9.239027734125166980e-01,2.885024221437791359e-01,9.271658075218999762e-03
8.487271691085998548e-02,-6.039902705831490248e-01,7.668161274461067212e-01,2.564357182260917911e-02
-4.451791357609094502e-01,4.274556989402803486e-01,7.832060117191400606e-01,3.621264451841381057e-03
2.173296972849500519e-01,-7.607893421156913805e-01,5.945398589720500837e-01,1.698886447534883951e-02
2.562622520476999233e-01,-8.858399164566277406e-01,3.757132896574491010e-01,1.109066661440194154e-02
2.672922717559769179e-01,-8.421838064782685151e-01,4.549298112768891400e-01,1.334497724508881128e-02
-6.762979201162001575e-01,6.610872814586096213e-01,3.244183567642902055e-01,5.196827758142316938e-04
3.103871390474632341e-01,-9.215876576788053498e-01,2.239921173017088152e-01,9.108747407162531493e-03
4.713967368259975310e-01,-8.819212643483549385e-01,0.000000000000000000e+00,0.000000000000000000e+00
-2.417862138821082751e-01,-7.222902199174305315e-02,9.341397417086361177e-01,3.349779123366946471e-02
2.676783013896812391e-01,-7.983715845250215493e-01,5.243246255194931038e-01,1.507424358215870078e-02
-5.196098072976551574e-02,-2.505963735586486663e-01,9.049051967980478173e-01,6.179098817469472205e-02
-4.984228002640063715e-01,4.811893819156770613e-01,7.200796147137094039e-01,1.052475064990302618e-03
-6.417621016591158467e-01,7.220009827491462584e-01,2.574239309276570298e-01,1.141313804386199279e-03
-1.977185549007890730e-01,3.138895973582422894e-02,9.381958137714926371e-01,4.156033254995102066e-02
-9.937934576694205935e-02,-1.658977654812884839e-01,9.205919082961909750e-01,6.053075327230515029e-02
-3.685049766356240757e-03,-3.326926711417861338e-01,8.853272193993384498e-01,5.770088568383609923e-02
4.076943685031318709e-02,-4.121230628285922348e-01,8.595499912766835227e-01,5.066560631747345916e-02
8.659547043152790446e-02,-4.884104466864470639e-01,8.247917590072650906e-01,4.351490345035304019e-02
5.775667374952248023e-02,-5.502783016043556463e-01,8.025817911804776772e-01,3.039957561041088663e-02
-5.555702330196008454e-01,8.314696123025462349e-01,-1.324008409057035607e-18,0.000000000000000000e+00
3.711217179190885451e-01,-9.142123734855860384e-01,1.550468782291657410e-01,7.693426104567184509e-03
-3.524849328837344475e-01,2.054268207792525336e-01,8.991008428950678644e-01,1.389104830357708667e-02
1.784787251347826342e-01,-6.146194097268493639e-01,7.394123080012808824e-01,2.895500381077318469e-02
-2.396930511609347836e-01,1.186065514723932818e-01,9.317514313718783248e-01,3.182509759351108414e-02
-5.907361473738530488e-01,5.696996909773474060e-01,5.721010926831480159e-01,-7.228761870931063160e-04
5.121394607795631826e-01,-8.547168581688956435e-01,7.930560867150990290e-02,5.383617764387040906e-03
3.481708516231252215e-01,-7.931210148229350665e-01,4.833987606019896077e-01,1.633728365163933383e-02
-6.133508068014955628e-01,7.053275113440391486e-01,3.546315673540021418e-01,7.750864064172005921e-04
-5.463541482384893788e-01,5.265885373581991047e-01,6.514194899170392405e-01,-1.118383225358022745e-04
-5.763486345166539682e-01,7.844193509909692663e-01,2.275165858704227828e-01,1.630819268048478961e-03
-1.425173383746440869e-01,-5.444739167632686727e-02,9.336690816843866703e-01,5.462454361239316158e-02
-1.388947564818447623e-03,-1.686656115624968755e-01,8.926908860522636546e-01,9.298146432635527592e-02
4.615723457023931942e-02,-2.523471130057654555e-01,8.778298055422772972e-01,8.870547278670497249e-02
1.384237163345411192e-01,-4.122121146127297742e-01,8.334040218682345902e-01,6.710697047035782403e-02
2.875441189188712721e-01,-6.908393090073862153e-01,6.391771584564035491e-01,2.419259424970800904e-02
-6.276686905310761011e-01,6.043095532613241838e-01,4.912607454024439102e-01,-5.042082436371757770e-04
-2.654215158606259561e-01,1.949287631919500441e-01,9.190115812402267492e-01,2.520989500287578594e-02
-3.928952226508189427e-01,3.689988610593696317e-01,8.350784102777484286e-01,7.223901576523379837e-03
3.034328277042294686e-01,-7.500966440084967379e-01,5.686413999687611742e-01,1.896692512424295873e-02
3.980418389718733407e-01,-8.826726330915687369e-01,2.395474589853707759e-01,1.035595679577935510e-02
5.555702330196017336e-01,-8.314696123025453467e-01,4.665136549720063421e-19,0.000000000000000000e+00
3.287777914269287560e-01,-8.884354011857450439e-01,3.091985865905645392e-01,1.109456317126687221e-02
-5.835458623582584492e-01,6.791844274290786965e-01,4.449648290254977212e-01,2.123717186455355939e-04
1.526528540063203654e-01,-5.453398009707894900e-01,7.860429351274537124e-01,3.815461864279641457e-02
3.433580487403426473e-01,-8.459268862157800495e-01,3.943020557702048845e-01,1.375793190623909867e-02
-5.477636634308982178e-01,8.203636647236507429e-01,1.624217396708589056e-01,1.768475098300545476e-03
4.588291215557490643e-01,-8.714724305604204524e-01,1.644097072639148505e-01,8.828971978029493892e-03
-4.856306274104586068e-02,-8.315870795848215313e-02,9.109650765363567215e-01,8.438725215328106433e-02
9.291705236746154728e-02,-3.337901834651444410e-01,8.591584795002230601e-01,7.889830705464606631e-02
1.602313466668162378e-01,-4.748977995295871612e-01,8.129591764479212612e-01,5.237197146442269802e-02
-5.486278300155948973e-01,6.465586818302652139e-01,5.301171819978764965e-01,-5.173784754408541995e-05
4.144183269659158508e-01,-8.443338542579225114e-01,3.266615050044615054e-01,1.298212121091761595e-02
-5.340722128088456477e-01,7.474886968932705766e-01,3.940783980099208383e-01,9.247912458914081492e-04
3.809678899443440514e-01,-7.374974676835981402e-01,5.369411336983145322e-01,2.069759522179407882e-02
-5.121268403203481645e-01,8.547777859145551105e-01,8.248591824599056654e-02,1.662974381941351816e-03
-4.116499777173316388e-01,5.139918596652796046e-01,7.496444266540863710e-01,2.922290682753845344e-03
-5.597648617227904966e-01,7.700835356972972612e-01,3.045623631076254112e-01,1.435427126902740673e-03
-1.008763458699504928e-01,2.566647428622576693e-02,9.253067188141229638e-01,6.926112449353213907e-02
-1.436747768385497059e-01,1.132331037993680178e-01,9.303259678154953694e-01,5.279956979623549873e-02
-5.017398826600634187e-01,7.181468756332237691e-01,4.813986382994602797e-01,8.068730403672571150e-04
-4.713967368259964208e-01,8.819212643483553826e-01,0.000000000000000000e+00,0.000000000000000000e+00
2.486538717792353415e-01,-5.518387306498564460e-01,7.524910896599663612e-01,4.352729417545189022e-02
-3.634707093845125359e-01,4.627316850230591694e-01,8.024595697762723079e-01,6.099909232686732442e-03
-3.217202645139941586e-01,2.916388821346575511e-01,8.863644680246168805e-01,1.443674968564617397e-02
2.695901170916241707e-01,-6.242779442999879524e-01,7.023773108765323236e-01,3.083358445107065721e-02
-4.618194186555152347e-01,5.628374297072490373e-01,6.843860871663142165e-01,1.133316113578159128e-03
-1.847240353977136762e-01,1.998911631062977312e-01,9.243608062088600752e-01,3.788685092437263369e-02
3.717938101773532455e-01,-6.893504059005908235e-01,5.968938126013051404e-01,2.485000972304763148e-02
-5.077183430825462640e-01,6.073188889565700466e-01,6.109090659627949282e-01,1.440014659438373793e-04
6.045786852127112976e-01,-7.902449609629083049e-01,9.295519611316187258e-02,7.032378410878495877e-03
2.332653191208223786e-01,-4.806157878700725306e-01,7.887148178131415666e-01,5.662283978025471620e-02
4.403871514127170594e-01,-7.442956316032213193e-01,4.822203893643419725e-01,1.985845867344804977e-02
4.270031843673161576e-01,-7.977494923005132854e-01,4.098644215719827177e-01,1.588671239532082544e-02
-4.961585079125606645e-01,8.317616373445253508e-01,2.469530869258963479e-01,2.043526842113692517e-03
-4.259967955656741578e-01,9.010012067515211776e-01,8.035166300695920083e-02,1.645627192654207892e-03
-4.624235655270265283e-02,1.071753914952973119e-01,9.119265971273730065e-01,8.123757858492222650e-02
2.182900432574033378e-01,-4.051723203025280329e-01,8.086915252023595402e-01,7.910622647047897693e-02
4.809996133449841449e-01,-8.360835109712039248e-01,2.517222143328283757e-01,1.210298280353445596e-02
-2.243598257228776316e-01,2.844422456599663418e-01,9.060208569755795471e-01,2.604956819921136479e-02
3.579831259544684618e-01,-6.282430276747529296e-01,6.583048987100235117e-01,3.246190688353354364e-02
-3.115436601916340420e-01,4.059990437190459378e-01,8.475156833723995753e-01,1.161487963512117076e-02
4.889029056009291246e-02,-8.495351250733711168e-02,8.349816237416269882e-01,1.602031029305701071e-01
9.660065115587751494e-02,-1.693931608632981700e-01,8.247143312626104006e-01,1.560885394759498612e-01
1.438231620244304620e-01,-2.520500239259171327e-01,8.230461680191882845e-01,1.339207506902511113e-01
-4.638850087601037453e-01,6.821865002510696385e-01,5.642827947560193902e-01,9.006069135945445015e-04
6.343932841636457098e-01,-7.730104533627369934e-01,4.517060529378353819e-18,0.000000000000000000e+00
4.462502538343187664e-01,-6.881052548438512106e-01,5.474735542701532065e-01,2.469064349923230997e-02
-3.732390265581700395e-01,5.951616859826230899e-01,7.086974959692179388e-01,2.973212007604406938e-03
-4.797250619094977631e-01,8.085633644701830658e-01,3.388758431658827619e-01,1.842736621874404603e-03
6.833676430494223225e-17,4.158363598338997793e-18,8.841663244256947607e-01,1.158336755743051838e-01
-8.904225339505643377e-02,1.982091022620990628e-01,9.173597076131057015e-01,5.874716609017025665e-02
1.900129242005038355e-01,-3.320787739388112447e-01,8.156567836935242344e-01,1.082581347573413899e-01
4.958757317842891199e-01,-7.920329533966220525e-01,3.412590867045052767e-01,1.481823546193080515e-02
-4.622248918384363470e-01,8.718424698789523086e-01,1.596863983509084484e-01,2.297727662457040888e-03
-2.548303789234339090e-01,3.565490120053008694e-01,8.811792809927501136e-01,1.767236417222548678e-02
2.954084163984881384e-01,-4.072923531658997343e-01,7.778534283732441157e-01,8.634956084486879180e-02
-4.208337026931889824e-01,6.401668883596252080e-01,6.414526741834433166e-01,1.264487346802491575e-03
4.404872270126271583e-01,-6.254033113205966776e-01,6.113288228975009009e-01,3.275323788975525313e-02
5.425879334269401166e-01,-8.194143568969369795e-01,1.744456271928921109e-01,1.037441016957033404e-02
-3.203204010787367717e-01,5.416753256421198426e-01,7.708733544070462962e-01,6.289873134800436950e-03
-4.161758551224019609e-01,7.494255142237300493e-01,5.132703139581968887e-01,1.665658997310460543e-03
-1.301774602652467083e-01,2.842544404724140494e-01,9.112256488745427152e-01,3.864446956829213631e-02
3.385145091317837696e-01,-5.586587695278030230e-01,7.141799583144124997e-01,4.299129466403253663e-02
4.201076540352058353e-01,-5.571498849529155084e-01,6.728763241220292457e-01,4.342917265849138148e-02
5.063906536090132526e-01,-7.417725485088297877e-01,4.205246740420157670e-01,1.918203754668836025e-02
-4.497290526262625598e-01,7.828472846547398500e-01,4.283899057276838174e-01,1.603010647208133205e-03
-3.826834323650888381e-01,9.238795325112869605e-01,-4.132632009285094351e-18,0.000000000000000000e+00
3.161611638792465317e-01,-4.835394286598117541e-01,7.567134508029339512e-01,5.951674919328230062e-02
2.765960309595424382e-01,-3.261049168277726507e-01,7.724891116358911791e-01,1.314745042680781073e-01
5.608473132465269240e-01,-7.800327100475552555e-01,2.634570372993303988e-01,1.403037228895905909e-02
-3.991063084251303406e-01,8.859211949015562970e-01,2.336599054907619044e-01,2.682623478240332184e-03
-3.772543657038240350e-01,7.102102855380246771e-01,5.924664575318925319e-01,1.907577797211193037e-03
-3.133286936410586282e-02,2.798080620752340653e-01,8.993579506572728643e-01,6.018657655087793212e-02
4.044417756982532919e-01,-4.878441769350557178e-01,7.154138441214488164e-01,5.817190361476775456e-02
5.728442838558539529e-01,-7.323542507529230416e-01,3.507190840039597912e-01,1.739323290189822430e-02
5.157210560543452615e-01,-6.849813361415830748e-01,4.909272576858021431e-01,2.369139868013526995e-02
-4.251965812873329531e-01,8.534317918848395301e-01,2.990866452664400210e-01,2.346670513014148009e-03
6.153959635497342484e-01,-7.608982374539667859e-01,1.934116886027228699e-01,1.231064923675589950e-02
3.803492938937479417e-01,-4.103804536971783490e-01,7.456079431309567962e-01,8.319981374504223370e-02
-2.803378964111875593e-01,6.196971336172654166e-01,7.267851240668716795e-01,6.281125614762320293e-03
-2.263473940262665796e-01,5.645957854131925524e-01,7.839878865258643748e-01,9.736534360363598151e-03
-3.937952720969772336e-01,8.388291034855528405e-01,3.733847585226265364e-01,2.502217601435330514e-03
5.139242102361369913e-01,-6.229658564641117335e-01,5.594501282248306451e-01,3.029172022506375350e-02
5.807545289610042127e-01,-6.785361184209545149e-01,4.275827153180503659e-01,2.220936230171698805e-02
1.922790485256600790e-01,-1.692904815890370618e-01,7.154109459793687176e-01,2.512169557188072555e-01
2.401134126574000216e-01,-2.489285311782771237e-01,7.414201576608009381e-01,1.968655852914421300e-01
-2.108483548924798279e-01,4.326943451378339467e-01,8.586384840370555604e-01,1.789935024328870306e-02
6.807506046330629168e-01,-7.279815869926656857e-01,7.481189133551055526e-02,6.560237132162784202e-03
-2.672980113893366760e-01,4.880397773524865479e-01,8.204647631003606500e-01,1.041967460986721779e-02
-1.670891102028910780e-01,3.626601184067104189e-01,8.893069625917453536e-01,2.751301306805483543e-02
-3.710366149045574713e-01,9.152455456604179362e-01,1.543520385716656285e-01,2.674779357408659484e-03
-7.175750588018416087e-02,3.681569938027184352e-01,8.893758779310013685e-01,3.761456876410914502e-02
6.643566694423065355e-01,-7.315315108877236128e-01,1.429639706864979098e-01,1.030658860604828642e-02
6.335373149337629739e-01,-7.171092378741668050e-01,2.750267316765372949e-01,1.546390765982646152e-02
3.643890413885240709e-01,-3.286891387216268612e-01,7.489346653959435551e-01,1.223770334824700878e-01
-1.851420310779570699e-01,6.397593647595990474e-01,7.369200260198044417e-01,9.022588080451044920e-03
4.994965763280952986e-01,-5.567670102287011202e-01,6.233449484534030471e-01,4.036708741569611236e-02
5.833495258020239271e-01,-6.188127962392985237e-01,4.978087782964221719e-01,2.828442063039787735e-02
6.444240091890125477e-01,-6.657127110166425332e-01,3.564724023715292178e-01,1.975131135692706486e-02
9.801714032955971545e-02,-2.488380191133247706e-17,7.582098443585068015e-01,2.369748823136902383e-01
7.071067811865472397e-01,-7.071067811865475727e-01,3.568720744436484519e-19,0.000000000000000000e+00
-3.357221840141326741e-01,9.382601751754814368e-01,8.134406560534661323e-02,2.073311723697893270e-03
4.853744447857744754e-02,8.474848167540999233e-02,8.423788864523336084e-01,1.528405925256461351e-01
-3.608450152129701327e-01,8.100950224190200943e-01,4.597196943916789791e-01,2.380867875754744817e-03
-3.300141479989974203e-01,6.688762823180950390e-01,6.630838308518051116e-01,3.020651247527070520e-03
6.864349046061503090e-01,-6.948011068590139727e-01,2.010903593846090631e-01,1.352218369205916530e-02
-2.902846772544615539e-01,9.569403357322089354e-01,0.000000000000000000e+00,0.000000000000000000e+00
-3.258740218419162171e-01,7.732130014559783771e-01,5.415189228675113542e-01,2.491900800557732970e-03
-1.703220857080172956e-01,5.107470867682578630e-01,8.271095327555405552e-01,1.558127678127208676e-02
-1.301584206229431939e-01,5.817513687878859141e-01,7.877884683381047859e-01,1.509641161316341816e-02
1.462000314568132342e-01,-8.495351250753138683e-02,7.178108791060630045e-01,2.677896746248386028e-01
1.768751856511958931e-02,1.988187228090455838e-01,8.852241451678262152e-01,9.465251398249162340e-02
4.850551724051091473e-01,-4.860390347180119641e-01,6.724215722547386420e-01,5.454991030385039630e-02
-3.298688109372707178e-01,8.892197921201104860e-01,3.139358675529211884e-01,3.041621983320512250e-03
-2.371053462148184354e-01,6.899126967836994861e-01,6.782961475291441333e-01,5.664030853336302247e-03
5.775579099134363625e-01,-5.541603770305256749e-01,5.633220872756632414e-01,3.612193615422209375e-02
6.493773503755992937e-01,-6.086503048849666309e-01,4.301647145443192599e-01,2.574521426026699436e-02
7.017023195461773444e-01,-6.467764589154719745e-01,2.803277622627630694e-01,1.849336640165664264e-02
-2.423242782462724787e-01,9.666772604505422528e-01,8.039951694148414485e-02,2.147550239956755661e-03
-2.729177955909951048e-01,8.306192857135453744e-01,4.819010620072068929e-01,3.472483883452168359e-03
-3.035523957130905059e-01,8.614244592019515423e-01,4.042024076628851770e-01,2.987774126249909731e-03
-7.358877072677709463e-02,5.183567521754866014e-01,8.297567226321979073e-01,2.223563079417105806e-02
7.474317975401753023e-01,-6.599206533604742297e-01,6.964642233798372384e-02,6.841742067674152356e-03
3.282780743529537526e-01,-2.471609335609590286e-01,6.981740076300989584e-01,2.134975224838955021e-01
-1.129195249320618932e-01,4.399024339544708728e-01,8.642500902391996309e-01,2.666799212867460023e-02
2.910420086461659173e-01,-1.661526187446857594e-01,6.585153699190615662e-01,2.836565127475184633e-01
-3.063253869965613108e-01,9.242204722397496797e-01,2.246256284582287821e-01,3.368397723031647546e-03
3.524314505543855308e-02,3.781439787348549464e-01,8.693294396831288129e-01,5.574626104258724457e-02
6.873137402820694852e-02,2.727530432839901375e-01,8.675697266804496266e-01,9.205612520325001658e-02
7.274252419259717994e-01,-6.682281596436647764e-01,1.447428982194042812e-01,1.121749440699940786e-02
4.667358497637466574e-01,-4.125173824710205439e-01,7.067503203588800798e-01,7.554569503719149592e-02
4.428684551353437304e-01,-3.339505636902353469e-01,7.192310019426387813e-01,1.128414422934431727e-01
1.462000314559561143e-01,8.495351250720603598e-02,7.178108791067867589e-01,2.677896746242699466e-01
7.730104533627365493e-01,-6.343932841636458209e-01,-3.278822937739781847e-18,0.000000000000000000e+00
4.098719332783075653e-01,-2.505963735598587538e-01,6.883025679335343927e-01,1.887415905153717044e-01
5.622509155648911516e-01,-4.866990772377368657e-01,6.195981399551347968e-01,4.898088765669318667e-02
2.417624997152103550e-01,-8.474848167302240221e-02,6.503913227090400984e-01,3.162361073722554927e-01
3.748532628225946239e-01,-1.658977654838349747e-01,6.384345554862258521e-01,2.736854819862140631e-01
-2.775937338725613102e-01,9.487584520340874850e-01,1.480467034858804765e-01,2.947066612663439868e-03
-2.867933177245758358e-01,7.326224694418956851e-01,6.136363125802805074e-01,3.626929624687213506e-03
-1.420694553346596722e-01,7.038097725855870790e-01,6.875077648425959032e-01,8.529643544293245838e-03
1.950903220161262219e-01,-4.321435509581404310e-17,6.669775931092548626e-01,3.138076872939761230e-01
-8.819209662924376580e-02,6.539668962690791121e-01,7.387344700044101709e-01,1.263058952146723854e-02
1.204814424043822996e-01,1.936177592452245355e-01,8.134886699592791537e-01,1.601623893741034865e-01
-3.268150869300973094e-02,5.929765593026647963e-01,7.845496969438370272e-01,2.000652800698740630e-02
-1.941966264419006383e-01,7.505253986604794036e-01,6.258988172586308352e-01,5.765093570627766173e-03
-2.322110210111170692e-01,9.264675441889536067e-01,2.923216631294243695e-01,3.880854222240681575e-03
-2.467986346527393238e-01,8.961498278292842068e-01,3.651121115010261819e-01,3.677693150740587655e-03
6.480504770759974997e-01,-5.462087385175732335e-01,4.981463360521254380e-01,3.259521416663493237e-02
7.513114998871954775e-01,-6.215007324589348903e-01,2.067772350160134165e-01,1.518643248445824059e-02
-1.950903220161277762e-01,9.807852804032303196e-01,0.000000000000000000e+00,0.000000000000000000e+00
-2.386329444581853365e-01,7.929522646797259045e-01,5.566496143544239494e-01,3.958112811828211168e-03
5.485396042144458084e-01,-4.110545854126401721e-01,6.616565886147756093e-01,6.644946850843033714e-02
7.099243091173005338e-01,-5.927512894137020316e-01,3.569875496339814935e-01,2.334570452967607568e-02
-2.152930471459129635e-01,8.779578032913731844e-01,4.234601742500414545e-01,4.136597826659335272e-03
-2.248675352315263054e-02,4.506619667212722335e-01,8.568475889617577224e-01,3.556382830435039083e-02
3.356719682532219307e-01,-8.495351250733643167e-02,6.176091534286143325e-01,3.205311508125336384e-01
6.398320671483139765e-01,-4.790525257198922637e-01,5.600501021464145968e-01,4.088550459536188092e-02
-1.934139862257562847e-01,9.709575207957565901e-01,1.376211913064042669e-01,3.206798604764699544e-03
2.136312690167629369e-01,1.683439385099092800e-01,6.992726389765682171e-01,2.630277295494232725e-01
9.399360887290833522e-03,6.634940132617602737e-01,7.315877924691244205e-01,1.653475523326446150e-02
-1.028316045276515822e-01,7.615772186879303796e-01,6.320056413744957746e-01,7.858251250978678937e-03
7.637957329025339970e-01,-5.708235023304270017e-01,2.814259482061139406e-01,1.986561753561997407e-02
-1.531005951407269083e-01,7.977743963074386269e-01,5.774503536446168317e-01,5.744485464798963770e-03
8.018018870108407636e-01,-5.946568075035396639e-01,5.352282149885499718e-02,5.612745426242366636e-03
8.314696123025451246e-01,-5.555702330196020666e-01,0.000000000000000000e+00,0.000000000000000000e+00
7.496386381934778964e-02,4.628593250181263774e-01,8.387758096272884822e-01,4.448047501779632540e-02
1.698994657497415739e-01,2.611805965316748579e-01,8.140576913352848276e-01,1.361627396875965124e-01
7.115970472910880806e-01,-5.327893637660373605e-01,4.294944512921090585e-01,2.850678903851038698e-02
-2.097136024648722785e-01,9.541693876081022152e-01,2.097238796244792480e-01,3.773157106207633039e-03
1.233818626366528087e-01,3.372663114887154423e-01,8.444799380938284861e-01,8.880905846999423425e-02
-1.897686406006836857e-01,8.440606783178719041e-01,4.969711682897472449e-01,4.575872736458139189e-03
2.188782260116308928e-02,5.326156316614839570e-01,8.164642201099122643e-01,2.960995638504415606e-02
7.947734889282161985e-01,-5.911630896263627699e-01,1.261506079815519210e-01,1.118585025253584705e-02
6.249713128869113232e-01,-4.060062120549379205e-01,6.120706124863474207e-01,5.469007459801487891e-02
2.589436362297255489e-01,8.062060476604364367e-02,6.413584466951086638e-01,3.211635069990838032e-01
2.902846772544591669e-01,-7.425018954596075354e-17,6.204903258779655983e-01,3.364500098542441142e-01
-4.680963410641562211e-02,7.175798060950018264e-01,6.833562059165635416e-01,1.154528353318770920e-02
1.292626265095064841e-01,4.094309304760211932e-01,8.391671626384270555e-01,6.397041633689337647e-02
2.587341195950904615e-01,2.378621516333204178e-01,7.198591293726461782e-01,2.163450428984033391e-01
-1.462000314560343850e-01,9.856005537310336129e-01,8.202591548583099135e-02,2.927597021506508912e-03
4.634177871564848505e-01,-1.686656115629432684e-01,6.403248073482896707e-01,2.296153434799641235e-01
6.514288795379860608e-02,5.981630567152799172e-01,7.737043552400704183e-01,2.501797556712029302e-02
-1.705619446727449084e-01,9.161811718145289607e-01,3.580566534516945731e-01,4.601151430549904262e-03
7.070643855190594795e-01,-4.680859134190454296e-01,4.932610270641251682e-01,3.679135939330074184e-02
-9.801714032956020117e-02,9.951847266721970398e-01,-1.336668362709072369e-18,0.000000000000000000e+00
4.257596018017293371e-01,-8.352863212757082045e-02,6.089241938632274920e-01,2.920484633736775693e-01
3.826834323650854519e-01,-9.741028788784398096e-17,6.014461895974347883e-01,3.224333429138536711e-01
5.259318282989653426e-01,-3.341485554835587068e-01,6.895799375207216642e-01,9.255844847651287233e-02
4.963286229045634768e-01,-2.523471130054247280e-01,6.885277160407282659e-01,1.421219289020041465e-01
7.682719213174298289e-01,-5.144658692884703788e-01,3.567018002916116926e-01,2.419598685407850502e-02
8.097286847885710737e-01,-5.425537340475676817e-01,2.072996728250507403e-01,1.625099861570428184e-02
8.546278489744131290e-01,-5.122442195574621326e-01,7.688798319718286034e-02,8.065529310155169010e-03
1.721662560194351654e-01,4.528488157502911227e-01,8.167589289012764375e-01,5.804775280720748942e-02
1.197441556047973699e-01,5.282114122270754608e-01,8.032546238701854247e-01,3.737254746772229047e-02
2.283459147364415853e-01,3.229489325759157259e-01,8.003543748242331057e-01,1.181020096444329731e-01
7.667468115642294135e-01,-4.525113670825669510e-01,4.240424108281595217e-01,3.129569389969458909e-02
6.952935580186364595e-01,-3.974209823797537622e-01,5.533591549548209088e-01,4.549260545178993032e-02
2.965075731189900088e-01,1.488001755392505399e-01,6.486877457342414832e-01,2.946795034548403969e-01
1.072206026316582100e-01,6.643273737556661951e-01,7.188724510057502570e-01,2.083890002937064528e-02
-1.380119879552931805e-01,9.489184827323950966e-01,2.787051735970615951e-01,5.031331473183151513e-03
-1.135489585751167096e-01,8.445957446006902014e-01,5.172455634656285550e-01,5.979686506992905673e-03
-4.889029056769522014e-02,9.951847268269413682e-01,8.203934043056239356e-02,2.914170259650979318e-03
-1.155632267983333905e-01,8.890248551096600060e-01,4.376182314017804109e-01,5.416696802762539960e-03
8.184313521145437642e-01,-4.893036022109329419e-01,2.799370290045950505e-01,2.131387429590058530e-02
8.819212643483546055e-01,-4.713967368259978641e-01,2.726830690922845654e-19,0.000000000000000000e+00
2.116284300328302725e-01,3.991850250022959679e-01,8.135668968408070745e-01,7.854560918954534010e-02
-1.130608046239460901e-01,9.772525285546279639e-01,1.751568133626909829e-01,4.272141634465686719e-03
-6.883144845089222974e-02,8.118396268291445672e-01,5.724041478941734873e-01,7.405003477264976083e-03
3.356719682532266491e-01,8.495351250733448878e-02,6.176091534286128892e-01,3.205311508125338049e-01
6.040089961595087598e-01,-3.301455942726794213e-01,6.494851716677818576e-01,7.589543128539993910e-02
5.122442195574536949e-01,-8.495351250733435000e-02,6.209909867878138368e-01,2.336368621866043438e-01
1.623709629874396654e-01,5.972608218812929248e-01,7.549648007612972389e-01,3.047468196427447970e-02
-7.243488135742194578e-02,9.319838352813569760e-01,3.493899876407506322e-01,5.799143297948479783e-03
4.713967368259923685e-01,-1.204873190218774361e-16,6.037619157370719414e-01,2.781593486112858282e-01
7.559638146243783385e-01,-3.874065817538288603e-01,4.891073193506148553e-01,3.856194391224791046e-02
8.460225415722407716e-01,-5.081153380994313240e-01,1.481199576352285607e-01,1.332558222185912383e-02
8.189126348977158187e-01,-4.314856409048801744e-01,3.513477821685291880e-01,2.707293356699373710e-02
3.189003386416792707e-01,2.135553815112367637e-01,6.762163621612407027e-01,2.471994017511001673e-01
5.137236831278686744e-02,7.251455092867458152e-01,6.719181327751606592e-01,1.475855252528059970e-02
2.903692415857190290e-01,2.969433905498614634e-01,7.592666181371375833e-01,1.504093276532777468e-01
6.788213976309056541e-01,-3.251678199730814178e-01,5.970831898931623360e-01,6.129922099915282446e-02
3.771642091302091493e-01,1.692904815837088239e-01,6.397496860601834534e-01,2.707929500620027685e-01
5.475414411408464632e-01,-1.693931608621436768e-01,6.620980164907810384e-01,1.573556596169881083e-01
-3.878804801852189094e-02,8.606618964696350904e-01,5.004111723756308194e-01,7.286165903982050503e-03
8.604116228290895618e-01,-4.585477085830114707e-01,2.042692788459427866e-01,1.804994716450002493e-02
3.103858123595945595e-01,3.640723005843585214e-01,7.719425663942469651e-01,1.061872687856578457e-01
8.952260525190195439e-01,-4.247759730878074569e-01,1.222678685143829130e-01,1.240093848456464906e-02
2.667237557960502881e-02,8.223519911775669655e-01,5.590036356474573642e-01,9.349940031654197653e-03
2.661670535207346644e-01,4.509539444837049604e-01,7.878433974870386880e-01,6.409300834069572850e-02
5.773488344089394708e-01,-2.524098180892172527e-01,6.691245591645167412e-01,1.073788903698732200e-01
-5.238464277610634968e-03,7.703102011320087650e-01,6.270815549340996720e-01,1.056627304304947473e-02
7.320920519332203683e-18,1.000000000000000000e+00,4.774126029669434878e-18,0.000000000000000000e+00
9.009433127048803724e-01,-4.299830781543117486e-01,5.189186718141131083e-02,6.552121331518542813e-03
1.483529360298419253e-01,7.229031477351678392e-01,6.573273792104777913e-01,1.750774536878718993e-02
8.115718148687474098e-01,-3.696247017532305890e-01,4.189909587708648409e-01,3.347867464610058963e-02
-8.201679391567085961e-03,9.052503729016521117e-01,4.181696396186139753e-01,6.629718686666390137e-03
8.650820546542336009e-01,-4.030032596793487465e-01,2.765958069614479764e-01,2.210372668905637508e-02
6.534195158768162370e-01,-2.458828319344710522e-01,6.331684569379271155e-01,8.278165950259100403e-02
5.721873393755558257e-02,8.700347285504310690e-01,4.808895133352736884e-01,8.769130622699468358e-03
2.156228944883914200e-01,5.242929554058138875e-01,7.806073237892128258e-01,4.317885252372193755e-02
4.291924953229045991e-01,8.611776224345576991e-02,6.095812060842175084e-01,2.895169715274813482e-01
7.416607694065027179e-01,-3.168137588267308513e-01,5.428839545329871008e-01,4.835909645487181802e-02
9.238795325112866275e-01,-3.826834323650904479e-01,4.014161826585860309e-18,0.000000000000000000e+00
3.550367999477210268e-01,2.696260664313005484e-01,7.110302025661002778e-01,1.840958527935152300e-01
7.186615608311200942e-01,-2.428066230743076703e-01,5.864819605518860612e-01,6.510878890288410159e-02
8.871788476476984153e-02,7.797587584513482328e-01,6.068925325910158319e-01,1.286985376465581490e-02
2.037980326107409756e-01,6.603803622111215077e-01,6.982849676032281128e-01,2.446266408427801714e-02
-4.371929371895227900e-02,9.623083388392007498e-01,2.627980888542770788e-01,5.625614192330388730e-03
5.555702330195962935e-01,-1.428551781725290407e-16,6.248922831313152848e-01,2.065773291712336701e-01
7.967943439456097732e-01,-3.072077064411907199e-01,4.792956812610410511e-01,4.103325177980765570e-02
8.608031273465116540e-01,-3.436488318971016587e-01,3.475696671193162501e-01,2.782806367593386454e-02
5.935458014329008103e-01,-8.495351250758893802e-02,6.472856571852997343e-01,1.530182115508189888e-01
6.274481090659814742e-01,-1.685919541899197072e-01,6.525211810574619298e-01,1.076667058573116120e-01
9.027945672275776712e-01,-3.700067997395631303e-01,2.009034955669924405e-01,1.831543046554105769e-02
3.095176800079966206e-01,5.143646435353164126e-01,7.508044933779692842e-01,4.896285982123071284e-02
3.576606656356025593e-01,4.333710290087224304e-01,7.500241485261671670e-01,7.718102522035780177e-02
5.165893797767530105e-01,8.541461475378804569e-02,6.222172648317800814e-01,2.297450326252917230e-01
2.580646633677729507e-01,5.902785595307316058e-01,7.303557653596695065e-01,3.448006779617984741e-02
9.334526235384941195e-01,-3.513361231956457775e-01,6.482939595128164867e-02,7.483314874386148147e-03
4.421950329106000277e-01,2.593118681178783191e-01,6.965108608695662618e-01,1.621048319304250751e-01
4.045677884715302430e-01,3.485508113533249408e-01,7.385265681242728641e-01,1.069539085493132202e-01
4.676222250134624558e-01,1.714447781880861776e-01,6.422148422508219268e-01,2.249276735477614420e-01
4.669745478288578333e-02,9.951998945882574166e-01,8.239057503957279704e-02,3.612433793383388464e-03
9.801714032956074241e-02,9.951847266721965957e-01,3.939238573712754460e-19,0.000000000000000000e+00
7.002080695809006494e-01,-1.665655662641828683e-01,6.101843435513616409e-01,8.405233902085770814e-02
2.168702797142945532e-02,9.405954638037504756e-01,3.320691939569457851e-01,6.766822855868881437e-03
5.331105945684606190e-02,9.662779459476641408e-01,2.455413467599561195e-01,6.380986737397376617e-03
-7.157057060226480576e-03,9.843609083821468486e-01,1.708014042590164649e-01,5.216715783527640579e-03
8.490765713492575140e-01,-2.820331841640083548e-01,4.113636529829502453e-01,3.531996997193209004e-02
1.226361210821359654e-01,8.277775262286182212e-01,5.366253360138893980e-01,1.086416057646207717e-02
7.755911648191647911e-01,-2.367276499739454643e-01,5.327141586352289737e-01,5.245108707940157600e-02
9.341931985166079810e-01,-3.247242077313541309e-01,1.342534367763183745e-01,1.352090727079089012e-02
1.457464537069448340e-01,9.857127569931528610e-01,8.081663175753546480e-02,3.612817682848737128e-03
6.691312127825761458e-01,-8.495351250932671461e-02,6.350151704996827018e-01,1.032573542447005888e-01
1.151688436196237758e-01,9.406381606806941686e-01,3.115823227726883249e-01,7.691835484065550829e-03
9.604343628015504786e-02,9.813618868419685670e-01,1.607355800892028841e-01,5.711124298330606461e-03
9.025898660449624966e-01,-3.165275171066559423e-01,2.682462889494693359e-01,2.354450019102449776e-02
7.621174630632594482e-01,-1.618538018888865671e-01,5.645380386485115976e-01,6.234338499405749079e-02
8.750165528361120160e-02,9.099885797136331167e-01,3.970638998443275502e-01,8.231356867854117132e-03
6.343932841636392705e-01,-1.509223110728227015e-16,6.494927728941778389e-01,1.235176804685644558e-01
1.527583886938996272e-01,8.708278578213538568e-01,4.571850715164809675e-01,1.006616360860205367e-02
9.569403357322087134e-01,-2.902846772544624421e-01,8.666815865594580845e-19,0.000000000000000000e+00
1.843448355818443629e-01,7.768797694802388465e-01,5.868542168755476185e-01,1.520458869632805229e-02
9.625020162969722959e-01,-2.597279575846560551e-01,7.030623025209745136e-02,7.996111176278353216e-03
7.389143387538954499e-01,-8.501408397469974176e-02,5.926921450442972361e-01,7.572255071712583052e-02
1.405416297271436799e-01,9.609301632295025319e-01,2.312011196973936811e-01,7.254896601964802919e-03
9.375153906297295503e-01,-2.787884867863753557e-01,1.898700149727954589e-01,1.831709310008312191e-02
4.474705203412306376e-01,4.154918790603016610e-01,7.168893583233116873e-01,7.503022841544795818e-02
5.938223939938940266e-01,7.931966530837274154e-02,6.502511773135914996e-01,1.504256333202172446e-01
2.464721718236850823e-01,7.150830159185449508e-01,6.335552880730503933e-01,2.059129248925264249e-02
5.595107074370126998e-01,1.643059551418828146e-01,6.644420569837254931e-01,1.479318233006222116e-01
2.983770516837342957e-01,6.503797003815987576e-01,6.701910014088372503e-01,2.836277630628186025e-02
5.259383105149063597e-01,2.453712282693133462e-01,6.879572094911303726e-01,1.264025720982688838e-01
1.950903220161286367e-01,9.807852804032300975e-01,0.000000000000000000e+00,0.000000000000000000e+00
4.897887704133606634e-01,3.283571510749083711e-01,7.037783627518399143e-01,1.038654583196380599e-01
8.262324305972392757e-01,-2.268568648666640375e-01,4.728202976591533990e-01,4.281128932155771338e-02
2.163668329435053383e-01,8.234999529565185661e-01,5.111367826431102435e-01,1.329931554484695827e-02
4.020042280665301337e-01,5.001406270697805745e-01,7.135716846101458621e-01,5.340416492546982974e-02
3.513007396483049383e-01,5.772836342878294724e-01,6.985283281311864823e-01,3.858183724844640311e-02
8.936380409633939426e-01,-2.572094441753500216e-01,3.384940239798541750e-01,2.927540592170068540e-02
1.824614550691158743e-01,9.064838022400116824e-01,3.715327245277176837e-01,9.249278317154364937e-03
6.691312127738708870e-01,8.495351250645981345e-02,6.345538411554342284e-01,1.037186835971690285e-01
7.071067811865406894e-01,-1.779011402526036240e-16,6.175160382230100442e-01,8.959074296354413436e-02
5.982134917770173255e-01,2.277554681688148674e-01,6.628872160810050929e-01,1.054018343259051915e-01
3.358815739805225409e-01,7.049328750294022727e-01,6.021932456425610480e-01,2.250925152160771631e-02
6.238972417658903424e-01,1.518168943747347788e-01,6.547683709975830046e-01,1.118500884066531975e-01
8.719012150773249870e-01,-1.769699143379201978e-01,4.190609034680423672e-01,3.752416042029141363e-02
8.220277191237387315e-01,-1.509376955358462391e-01,4.994632140622541350e-01,4.961623470500030331e-02
1.945283979387308626e-01,9.676428543999696652e-01,1.546822051866424963e-01,6.022520083243158850e-03
9.312970556082601492e-01,-2.291444992617230336e-01,2.599679390199863271e-01,2.319030767870962004e-02
3.900451648078982481e-01,6.344218742900941121e-01,6.363558714150544526e-01,3.100733916238210264e-02
9.598553529405345897e-01,-2.374329644659714800e-01,1.353072117500800364e-01,1.403564484608234297e-02
2.773385365180182638e-01,7.675438976632728005e-01,5.612897754457112365e-01,1.660268974302530481e-02
1.979290208798970552e-01,9.323277979936525073e-01,2.939499258229303913e-01,8.686786725022255934e-03
8.003038687368961845e-01,-8.495351250749894056e-02,5.360117519552828336e-01,5.753404947658204149e-02
2.404364545529943387e-01,9.671533837889627616e-01,7.848201299876612913e-02,4.008250351189320340e-03
5.326615504455460837e-01,3.941470270661472930e-01,6.754718970140203282e-01,7.347389123227493490e-02
5.687782026987402428e-01,3.079391441931641493e-01,6.767820285660404167e-01,8.588751954006615397e-02
4.405673770810934475e-01,5.582334141723443999e-01,6.620417857330360700e-01,4.100575288250708772e-02
7.730104533627306651e-01,-1.930726518458690583e-16,5.674505005657792811e-01,6.694278359787381172e-02
9.668210557974717956e-01,-1.667073321706798728e-01,1.760512863120445304e-01,1.750932814036972041e-02
9.807852804032302085e-01,-1.950903220161286644e-01,1.025636186801594161e-18,0.000000000000000000e+00
4.888606370920178801e-01,4.793520425052837930e-01,6.760897914707914014e-01,5.277020664132779648e-02
2.469091530296811388e-01,8.630336321991579629e-01,4.293859537435198992e-01,1.130534392787013037e-02
9.829744817997568829e-01,-1.586652174743958810e-01,8.310440163239037059e-02,9.559058773003000636e-03
2.615439789718815300e-01,9.358380933651861966e-01,2.279427281903929625e-01,8.281339317913215259e-03
2.902846772544633303e-01,9.569403357322084913e-01,4.081406227447523800e-19,0.000000000000000000e+00
9.152277566865687497e-01,-1.626938116518797661e-01,3.392295924735295731e-01,2.940149281453088848e-02
8.576929017705169356e-01,-8.456663218731615139e-02,4.628387927611184449e-01,4.432131112419875063e-02
9.474886133147141232e-01,-1.490570621248390737e-01,2.586605100796513512e-01,2.426584053066451613e-02
7.410254054713479865e-01,8.359917098794421297e-02,5.907485079385295101e-01,7.550409209853786718e-02
6.976123298040390885e-01,1.548757556192266460e-01,6.165253935073015112e-01,8.301055097786480541e-02
4.779943305451551661e-01,6.120479249572763347e-01,5.982034463643802757e-01,3.181144038210025754e-02
2.763338389313552690e-01,8.969840266977494592e-01,3.347053195581045637e-01,1.034433673871127356e-02
5.675522518606137545e-01,4.529189892625726799e-01,6.361531397246162900e-01,5.141418830465854795e-02
5.267835586803010228e-01,5.347883389085377193e-01,6.196773224046877582e-01,4.100453361344480463e-02
6.556266501075643793e-01,2.097733516496478323e-01,6.375276271457772648e-01,8.783354951479277473e-02
4.256947742894385822e-01,6.855434275842413605e-01,5.658152268453801037e-01,2.478969020045144328e-02
3.096126899030092749e-01,8.116837485502823579e-01,4.806444398010054075e-01,1.464282491552789181e-02
3.689557514526474180e-01,7.518695252961504760e-01,5.270067229055005464e-01,1.940326089874239851e-02
8.314696123025392405e-01,-1.990298874714988966e-16,5.041973687211699362e-01,5.137286429844149793e-02
6.055930787574402840e-01,3.658686192279124172e-01,6.418338217845689364e-01,6.484657020699138852e-02
3.362875297374696704e-01,8.452299519068803280e-01,4.027399979879708325e-01,1.258761455731000414e-02
6.372057885426350987e-01,2.761120833477843650e-01,6.402989725283473321e-01,7.923622499648849682e-02
8.000085063799725615e-01,8.430506135964178915e-02,5.368460264071688304e-01,5.719020678810699670e-02
9.033981407978650680e-01,-8.509895385754455421e-02,3.854669101478709337e-01,3.480677122572171933e-02
9.951847266721968177e-01,-9.801714032956049261e-02,7.939406003290641653e-19,0.000000000000000000e+00
3.985748644923691186e-01,7.896243123384981688e-01,4.503494881988325815e-01,1.616045034357757246e-02
2.768542256852819516e-01,9.482120910741498321e-01,1.491463536529567258e-01,6.563530622226450631e-03
3.430649510704690264e-01,9.352295428646801856e-01,8.263211743708201440e-02,4.844402270423577017e-03
9.668559797802603883e-01,-8.421949866913133742e-02,2.203145695302957674e-01,2.071777354231476090e-02
7.629978900201380698e-01,1.771198044318102738e-01,5.606143793926443575e-01,6.104693893338301869e-02
6.998498313078649335e-01,2.361191825792990640e-01,6.042013102888574849e-01,6.993365040998969495e-02
3.543971090816115388e-01,8.695810129293566337e-01,3.326854688656966097e-01,1.116268225242423966e-02
9.391380107429176949e-01,-8.395053842416870526e-02,3.053004820002142017e-01,2.782427522465463418e-02
4.578068437903933252e-01,7.283118122623389867e-01,4.892095168093457125e-01,2.066772125666712853e-02
5.111460768496746132e-01,6.597232390871985430e-01,5.245546859259531125e-01,2.634905877858393503e-02
3.438396578147913663e-01,8.968849508360152711e-01,2.680184012513009972e-01,1.013924232098323622e-02
9.948542212925480799e-01,-7.155298434060763935e-02,6.398994018822429242e-02,7.740449524573744626e-03
8.819212643483493874e-01,-2.121798176233035071e-16,4.311705329195172354e-01,4.022620390649133543e-02
3.470932374249084407e-01,9.198424465424619445e-01,1.746080849421232650e-01,8.192785057649504266e-03
9.999999999999997780e-01,-2.377275289935652623e-16,1.896896622370617913e-14,0.000000000000000000e+00
9.857166500067804371e-01,-8.294045219546659908e-02,1.325517547918942662e-01,1.402098240374545675e-02
3.826834323650906700e-01,9.238795325112861834e-01,0.000000000000000000e+00,0.000000000000000000e+00
5.613760184454966717e-01,5.834737154572734452e-01,5.543505824522596548e-01,3.251855908166501052e-02
6.063696350182877781e-01,5.020994408892689442e-01,5.769206503925210505e-01,3.969269457048870547e-02
8.608901349940967229e-01,8.897655345498176049e-02,4.577413861530990613e-01,4.320905890620890810e-02
4.241246222053356441e-01,8.771413683894004887e-01,2.151282114831528924e-01,1.013013952553019556e-02
9.238795325112814094e-01,-2.297346005538285231e-16,3.507245356633109656e-01,3.195889670179133391e-02
4.175308585723536692e-01,8.206186918009367171e-01,3.757771368600321127e-01,1.441889695726862423e-02
4.205141366943460635e-01,8.499615859976114018e-01,3.050837171706831663e-01,1.230116458746568012e-02
9.951847266721950414e-01,-2.463247270724871999e-16,8.781402251162456762e-02,1.020311781795311609e-02
6.756975332008307022e-01,3.256475023598567331e-01,6.017698754239346748e-01,5.958218500462342943e-02
8.203928933920979771e-01,1.568025927825691668e-01,5.005329763517165631e-01,4.934741734168045929e-02
6.444771824427086848e-01,4.166157476475639831e-01,5.918568695856432083e-01,4.929871225293767228e-02
9.807852804032270999e-01,-2.450697559647102295e-16,1.773876286596200447e-01,1.770269335652378817e-02
5.394935017019594214e-01,7.003135462907048581e-01,4.463739842657497014e-01,2.107408611543631904e-02
4.825598894398103744e-01,7.613311573043102243e-01,4.156288408256168521e-01,1.739635708036864348e-02
9.038720777597003542e-01,6.208862100628661368e-02,3.884912774616535724e-01,3.478200327775177875e-02
4.252725591535264638e-01,8.949349580475658428e-01,1.277058349730242903e-01,7.329979888854600521e-03
7.422438117580058003e-01,2.829633545205029188e-01,5.541037328066925616e-01,5.335479574110042061e-02
8.013440372124115418e-01,2.384522767610944560e-01,5.029105726164153634e-01,4.571338396182526853e-02
5.919392891217095665e-01,6.281486391690074278e-01,4.786143819113659603e-01,2.639766260263333095e-02
9.569403357322047166e-01,-2.293213554514054380e-16,2.655021631898983325e-01,2.478251406457815734e-02
8.550583232505145626e-01,1.894847876810125398e-01,4.428982896361036148e-01,3.977217670454626097e-02
4.270758485562548556e-01,9.024119688132932193e-01,5.334785409548600116e-02,3.738555166884947878e-03
6.393857649236968088e-01,5.489749287559690938e-01,5.069593044150968453e-01,3.138293915335842177e-02
4.913608579340017490e-01,7.946579408808889244e-01,3.413651422311086980e-01,1.512225486072018253e-02
4.976029952225564656e-01,8.256480660368817892e-01,2.535674927398787748e-01,1.232069841402999404e-02
9.948529638373464490e-01,7.165047223866397030e-02,6.352343648260305731e-02,8.127035756065477054e-03
7.150823905345946585e-01,3.756838120245856172e-01,5.429980216010718008e-01,4.650927108495159917e-02
9.371875089271998194e-01,8.749625497521459905e-02,3.092211926662086774e-01,2.845317484803164612e-02
8.992439290461892165e-01,1.395277934476598369e-01,3.799978162269414539e-01,3.460120804735622446e-02
6.804196633738033295e-01,4.644973221644749795e-01,5.277294608109045493e-01,3.907854847999474995e-02
4.713967368259987523e-01,8.819212643483542724e-01,-4.183789248220164441e-18,0.000000000000000000e+00
4.977455043737831764e-01,8.490631871142457765e-01,1.676476488544990928e-01,9.386577110673421931e-03
5.586067013662548986e-01,7.338488963969328482e-01,3.690116992353790759e-01,1.754276063504465327e-02
9.951847266721967067e-01,9.801714032956032607e-02,4.109549558375129378e-19,0.000000000000000000e+00
6.164735393794911200e-01,6.654448361285951741e-01,3.992020665571397453e-01,2.168217562200221160e-02
9.666390222158709467e-01,8.355738203716013557e-02,2.211854914350094570e-01,2.094497884215513334e-02
7.796391884133392347e-01,3.311661922143242509e-01,4.889223594208705337e-01,4.257711285022650755e-02
8.856747339362377458e-01,2.304450108332422587e-01,3.714566402532430978e-01,3.162568713043285851e-02
7.492354437763717456e-01,4.221616389906269751e-01,4.742763359584668548e-01,3.604297619224042237e-02
8.365500653407180742e-01,2.827062275771938249e-01,4.321919435133981802e-01,3.712796557582001555e-02
9.856005537310313924e-01,8.495351250733640391e-02,1.318645621265777668e-01,1.433546932947355260e-02
5.078431428793731550e-01,8.573001467648976304e-01,7.889184184396723365e-02,5.558146831495460946e-03
6.669772973887357903e-01,5.908089266905637293e-01,4.286123597244251293e-01,2.535470616335743291e-02
7.112709346959776857e-01,5.088844079311984903e-01,4.545451722215684831e-01,3.035720642925179152e-02
9.512885388067615633e-01,1.537714377655215459e-01,2.450166178213712131e-01,2.219951354502001581e-02
9.833425140059850467e-01,1.589951701875940426e-01,7.865371518883261526e-02,9.425998737853441209e-03
9.252205900565378949e-01,1.796923342930414336e-01,3.070142647231222655e-01,2.716760900995405029e-02
8.102672656770377735e-01,3.752321588377496298e-01,4.176736219402830130e-01,3.251276739886407169e-02
5.671966104198273850e-01,7.947838093643244672e-01,2.039640448137987339e-01,1.192180812842503004e-02
8.639636636470554576e-01,3.244957968545403304e-01,3.564867258389407545e-01,2.857075781940109430e-02
5.673641303281712345e-01,7.666629212627771306e-01,2.857156642809506319e-01,1.482702616049430544e-02
5.555702330196036209e-01,8.314696123025444585e-01,-1.249660730263340794e-18,0.000000000000000000e+00
5.549884631722347139e-01,8.194631684225194279e-01,1.342785422238942095e-01,8.787601026863451487e-03
6.867196982707883812e-01,6.268489903213572134e-01,3.470419172599104041e-01,2.102927061000689490e-02
7.353450150336079405e-01,5.491314168551909569e-01,3.729200719663328112e-01,2.422271833437641964e-02
9.080336584599171257e-01,2.735853995687745344e-01,2.921172551225387215e-01,2.509860867795417338e-02
7.762731755912053444e-01,4.641979020027710012e-01,3.984216113969704653e-01,2.809950722879140175e-02
6.299628006583919415e-01,6.998539231184153220e-01,3.190687126967770570e-01,1.760821862225178669e-02
9.680048230743115711e-01,1.627410793617182772e-01,1.736298160314782013e-01,1.737281115739945647e-02
5.957446479383891047e-01,7.992372613542095827e-01,7.363523743354506712e-02,5.788402093915734348e-03
9.807852804032303196e-01,1.950903220161277485e-01,2.991009896434230469e-19,0.000000000000000000e+00
6.272615117853785893e-01,7.624120780199714620e-01,1.489733570390950890e-01,9.994624397388175013e-03
9.410449379063524633e-01,2.278584438340172380e-01,2.293808101086123874e-01,2.064909693126375928e-02
6.370368681945692835e-01,7.307731162200283848e-01,2.314433243106082116e-01,1.382118835056626513e-02
8.339637849083042509e-01,4.153873879048823325e-01,3.370418898510586514e-01,2.621796676810337137e-02
6.976530601678956334e-01,6.603179086998284264e-01,2.614686163952679721e-01,1.648905500211582387e-02
6.343932841636469311e-01,7.730104533627355501e-01,-4.270999775122775794e-18,0.000000000000000000e+00
9.551803190114662723e-01,2.537241806008879719e-01,1.383841525689759877e-01,1.411043209409290969e-02
9.676747385032246074e-01,2.439180297800355168e-01,5.652167349129585266e-02,7.584451106451580923e-03
8.830527857091308164e-01,3.631612827813249789e-01,2.739901570679009191e-01,2.321627008327409661e-02
7.504726110440188558e-01,5.842555434226440747e-01,2.899172745861923195e-01,1.901041930460146967e-02
7.960176071666703601e-01,5.022155074808856146e-01,3.157521963122505992e-01,2.208734122941311689e-02
9.224175288579619103e-01,3.093143601094138773e-01,2.119176643836824803e-01,1.931929002818295535e-02
6.714602154826159186e-01,7.360088020885264815e-01,7.946379691527523381e-02,6.746540470973914037e-03
7.041101700677645514e-01,6.883165641272278590e-01,1.625217582852374332e-01,1.197516419545043530e-02
8.496316124383800350e-01,4.511366413845524503e-01,2.527969138424056017e-01,2.033648570005961581e-02
9.427025328293409112e-01,3.238222967027100663e-01,7.222397858424500772e-02,8.094479788208042148e-03
9.569403357322091574e-01,2.902846772544617759e-01,4.458570089374727644e-18,0.000000000000000000e+00
8.936092204553797158e-01,3.966949349217053222e-01,1.928706432472253873e-01,1.711909394150559760e-02
7.595966731992618293e-01,6.117273242467091698e-01,2.056125210495323985e-01,1.530052708157185123e-02
7.071067811865486830e-01,7.071067811865461294e-01,0.000000000000000000e+00,0.000000000000000000e+00
9.259086703199826962e-01,3.415760114918035550e-01,1.469313688987546052e-01,1.437257587518006932e-02
8.075938600727318173e-01,5.356660088571735256e-01,2.292222112254088673e-01,1.746399456618317331e-02
7.649293700198874779e-01,6.281213684909292549e-01,1.319532132593810858e-01,1.068831409524359857e-02
7.381369375741393402e-01,6.693158484947840936e-01,7.710856613099097145e-02,7.568209565647182092e-03
8.577513996812299313e-01,4.808606580805699915e-01,1.675263534733917314e-01,1.423052770366824149e-02
9.238795325112869605e-01,3.826834323650889491e-01,-6.798402548352259579e-18,0.000000000000000000e+00
8.117301702179251510e-01,5.612173489661914649e-01,1.490081448651439655e-01,1.263720142524142956e-02
8.995292623786244057e-01,4.226341705314245467e-01,9.981223181402038014e-02,1.076563226275720382e-02
7.730104533627381036e-01,6.343932841636443776e-01,4.715867280420995507e-18,0.000000000000000000e+00
8.003038687366802462e-01,5.935458014321801645e-01,7.783323385046488074e-02,7.120278656865945167e-03
8.519127534913347732e-01,5.158778150125018502e-01,8.184238248733284593e-02,8.239471494137303939e-03
8.819212643483557157e-01,4.713967368259965318e-01,5.000547419557474979e-18,0.000000000000000000e+00
8.314696123025459018e-01,5.555702330196008454e-01,0.000000000000000000e+00,0.000000000000000000e+00
